,vgg19,resnet50,densenet121,mobilenet_v2,googlenet,inception_v3
ffgsm default,0.34375,0.3125,0.28125,0.15625,0.1875,0.15625
apgd default,0.21875,0.125,0.09375,0.09375,0.09375,0.09375
pifgsmpp default,0.25,0.0625,0.09375,0.15625,0.125,0.15625
