,vgg19,resnet50,densenet121,mobilenet_v2,googlenet,inception_v3
vmifgsm default,0.25,0.15625,0.1875,0.09375,0.125,0.125
vnifgsm default,0.34375,0.25,0.21875,0.15625,0.15625,0.25
"apgd (n_restarts=5, steps=20, eot_iter=5)",0.1875,0.125,0.09375,0.09375,0.09375,0.0625
cw (lr=0.05),0.15625,0.0625,0.15625,0.0,0.0,0.03125
