,vgg19,resnet50,densenet121,mobilenet_v2,googlenet,inception_v3
"rfgsm (alpha=6/255, steps=20)",0.21875,0.125,0.09375,0.09375,0.125,0.0625
"apgd (n_restarts=5, steps=20)",0.1875,0.125,0.09375,0.09375,0.09375,0.0625
cw (lr=0.04),0.15625,0.03125,0.15625,0.03125,0.0,0.03125
pixle (pixel_mapping=similarity_random),0.03125,0.0625,0.0,0.0,0.0,0.0625
