,vgg19,resnet50,densenet121,mobilenet_v2,googlenet,inception_v3
rfgsm default,0.21875,0.125,0.15625,0.09375,0.125,0.125
apgd default,0.21875,0.125,0.09375,0.09375,0.09375,0.09375
cw default,0.21875,0.0625,0.15625,0.03125,0.0,0.0625
pixle default,0.0625,0.0625,0.09375,0.0,0.0,0.03125
