,vgg19,resnet50,densenet121,mobilenet_v2,googlenet,inception_v3
cw default,0.21875,0.0625,0.15625,0.03125,0.0,0.0625
deepfool default,0.15625,0.09375,0.1875,0.1875,0.21875,0.09375
